id;name;type;city_id;latitude;longitude
001;"Ba Đình";Quận;01;21.0356;105.827
002;"Hoàn Kiếm";Quận;01;21.0314;105.853
003;"Tây Hồ";Quận;01;21.0694;105.819
004;"Long Biên";Quận;01;21.0392;105.885
005;"Cầu Giấy";Quận;01;21.0311;105.789
006;"Đống Đa";Quận;01;21.0156;105.818
007;"Hai Bà Trưng";Quận;01;21.0075;105.86
008;"Hoàng Mai";Quận;01;20.9758;105.856
009;"Thanh Xuân";Quận;01;20.9956;105.816
016;"Sóc Sơn";Huyện;01;21.2819;105.829
017;"Đông Anh";Huyện;01;21.1378;105.827
018;"Gia Lâm";Huyện;01;21.0244;105.948
019;"Nam Từ Liêm";Quận;01;21.0442;105.759
020;"Thanh Trì";Huyện;01;20.9422;105.849
024;"Hà Giang";"Thị Xã";02;22.7731;105.044
026;"Đồng Văn";Huyện;02;23.2428;105.263
027;"Mèo Vạc";Huyện;02;23.1528;105.444
028;"Yên Minh";Huyện;02;23.0722;105.17
029;"Quản Bạ";Huyện;02;23.0675;104.968
030;"Vị Xuyên";Huyện;02;22.7639;104.941
031;"Bắc Mê";Huyện;02;22.7633;105.274
032;"Hoàng Su Phì";Huyện;02;22.6936;104.668
033;"Xín Mần";Huyện;02;22.6347;104.476
034;"Bắc Quang";Huyện;02;22.395;104.918
035;"Quang Bình";Huyện;02;22.3853;104.62
040;"Cao Bằng";"Thành Phố";04;22.6556;106.256
042;"Bảo Lâm";Huyện;04;22.8769;105.458
043;"Bảo Lạc";Huyện;04;22.8753;105.711
044;"Thông Nông";Huyện;04;22.8192;105.951
045;"Hà Quảng";Huyện;04;22.895;106.109
046;"Trà Lĩnh";Huyện;04;22.8039;106.33
047;"Trùng Khánh";Huyện;04;22.8253;106.566
048;"Hạ Lang";Huyện;04;22.7103;106.695
049;"Quảng Uyên";Huyện;04;22.6708;106.462
050;"Phục Hoà";Huyện;04;22.5644;106.501
051;"Hoà An";Huyện;04;22.6889;106.035
052;"Nguyên Bình";Huyện;04;22.6478;105.951
053;"Thạch An";Huyện;04;22.4808;106.331
058;"Bắc Kạn";"Thành Phố";06;22.1333;105.853
060;"Pác Nặm";Huyện;06;22.5961;105.674
061;"Ba Bể";Huyện;06;22.3983;105.725
062;"Ngân Sơn";Huyện;06;22.4306;106.017
063;"Bạch Thông";Huyện;06;22.2011;105.85
064;"Chợ Đồn";Huyện;06;22.1883;105.579
065;"Chợ Mới";Huyện;06;21.9656;105.858
066;"Na Rì";Huyện;06;22.1633;106.086
070;"Tuyên Quang";"Thành Phố";08;21.8278;105.22
071;"Lâm Bình";Huyện;08;21.8208;105.209
072;"Nà Hang";Huyện;08;22.4761;105.351
073;"Chiêm Hóa";Huyện;08;22.2136;105.242
074;"Hàm Yên";Huyện;08;22.0961;105.004
075;"Yên Sơn";Huyện;08;21.8647;105.304
076;"Sơn Dương";Huyện;08;21.6728;105.382
080;"Lào Cai";"Thành Phố";10;22.4186;103.979
082;"Bát Xát";Huyện;10;22.5972;103.747
083;"Mường Khương";Huyện;10;22.6847;104.141
084;"Si Ma Cai";Huyện;10;22.6628;104.268
085;"Bắc Hà";Huyện;10;22.5022;104.315
086;"Bảo Thắng";Huyện;10;22.3797;104.167
087;"Bảo Yên";Huyện;10;22.2939;104.417
088;"Sa Pa";Huyện;10;22.315;103.905
089;"Văn Bàn";Huyện;10;22.0633;104.183
094;"Điện Biên Phủ";"Thành Phố";11;21.4144;103.042
095;"Mường Lay";"Thị Xã";11;22.0297;103.119
096;"Mường Nhé";Huyện;11;22.1031;102.515
097;"Mường Chà";Huyện;11;21.8419;103.054
098;"Tủa Chùa";Huyện;11;21.9719;103.384
099;"Tuần Giáo";Huyện;11;21.6342;103.352
100;"Điện Biên";Huyện;11;21.2553;103.055
101;"Điện Biên Đông";Huyện;11;21.2353;103.255
102;"Mường Ảng";Huyện;11;NULL;NULL
104;"Lai Châu";"Thị Xã";12;22.3875;103.406
106;"Tam Đường";Huyện;12;22.3378;103.548
107;"Mường Tè";Huyện;12;22.4044;102.72
108;"Sìn Hồ";Huyện;12;22.2892;103.303
109;"Phong Thổ";Huyện;12;22.64;103.377
110;"Than Uyên";Huyện;12;21.9931;103.758
111;"Tân Uyên";Huyện;12;NULL;NULL
116;"Sơn La";"Thành Phố";14;21.3442;103.914
118;"Quỳnh Nhai";Huyện;14;21.7761;103.651
119;"Thuận Châu";Huyện;14;21.415;103.663
120;"Mường La";Huyện;14;21.5272;104.047
121;"Bắc Yên";Huyện;14;21.2231;104.369
122;"Phù Yên";Huyện;14;21.2258;104.698
123;"Mộc Châu";Huyện;14;20.8225;104.719
124;"Yên Châu";Huyện;14;20.9925;104.331
125;"Mai Sơn";Huyện;14;21.1689;103.993
126;"Sông Mã";Huyện;14;21.1011;103.732
127;"Sốp Cộp";Huyện;14;20.8794;103.511
128;"Vân Hồ";Huyện;14;20.8794;103.511
132;"Yên Bái";"Thành Phố";15;21.7411;104.895
133;"Nghĩa Lộ";"Thị Xã";15;21.5994;104.489
135;"Lục Yên";Huyện;15;22.1122;104.72
136;"Văn Yên";Huyện;15;21.9319;104.564
137;"Mù Cang Chải";Huyện;15;21.8061;104.15
138;"Trấn Yên";Huyện;15;21.7056;104.816
139;"Trạm Tấu";Huyện;15;21.5111;104.467
140;"Văn Chấn";Huyện;15;21.5708;104.589
141;"Yên Bình";Huyện;15;21.8733;104.921
148;"Hòa Bình";"Thành Phố";17;20.8433;105.322
150;"Đà Bắc";Huyện;17;20.9328;105.081
151;"Kỳ Sơn";Huyện;17;20.9017;105.388
152;"Lương Sơn";Huyện;17;20.8878;105.515
153;"Kim Bôi";Huyện;17;20.6761;105.537
154;"Cao Phong";Huyện;17;20.6897;105.297
155;"Tân Lạc";Huyện;17;20.6122;105.251
156;"Mai Châu";Huyện;17;20.6822;104.996
157;"Lạc Sơn";Huyện;17;20.4997;105.416
158;"Yên Thủy";Huyện;17;20.4283;105.633
159;"Lạc Thủy";Huyện;17;20.4867;105.735
164;"Thái Nguyên";"Thành Phố";19;21.5556;105.807
165;"Sông Công";"Thành Phố";19;21.4872;105.813
167;"Định Hóa";Huyện;19;21.8972;105.634
168;"Phú Lương";Huyện;19;21.7658;105.723
169;"Đồng Hỷ";Huyện;19;21.6861;105.929
170;"Võ Nhai";Huyện;19;21.7872;106.041
171;"Đại Từ";Huyện;19;21.6047;105.624
172;"Phổ Yên";"Thị Xã";19;21.4522;105.755
173;"Phú Bình";Huyện;19;21.4933;105.962
178;"Lạng Sơn";"Thành Phố";20;21.8553;106.747
180;"Tràng Định";Huyện;20;22.3025;106.442
181;"Bình Gia";Huyện;20;22.0656;106.317
182;"Văn Lãng";Huyện;20;22.0331;106.571
183;"Cao Lộc";Huyện;20;21.8847;106.843
184;"Văn Quan";Huyện;20;21.8511;106.551
185;"Bắc Sơn";Huyện;20;21.8158;106.258
186;"Hữu Lũng";Huyện;20;21.5758;106.342
187;"Chi Lăng";Huyện;20;21.6681;106.623
188;"Lộc Bình";Huyện;20;21.6781;106.97
189;"Đình Lập";Huyện;20;21.5353;107.124
193;"Hạ Long";"Thành Phố";22;20.8733;107.09
194;"Móng Cái";"Thành Phố";22;21.4419;107.919
195;"Cẩm Phả";"Thị Xã";22;21.0617;107.289
196;"Uông Bí";"Thành Phố";22;21.0758;106.752
198;"Bình Liêu";Huyện;22;21.5519;107.44
199;"Tiên Yên";Huyện;22;21.3733;107.381
200;"Đầm Hà";Huyện;22;21.3564;107.576
201;"Hải Hà";Huyện;22;21.4306;107.691
202;"Ba Chẽ";Huyện;22;21.2611;107.164
203;"Vân Đồn";Huyện;22;20.9381;107.467
204;"Hoành Bồ";Huyện;22;21.1083;107.045
205;"Đông Triều";"Thị Xã";22;21.1194;106.577
206;"Quảng Yên";"Thị Xã";22;20.9278;106.851
207;"Cô Tô";Huyện;22;21.0836;107.819
213;"Bắc Giang";"Thành Phố";24;21.2933;106.188
215;"Yên Thế";Huyện;24;21.5247;106.158
216;"Tân Yên";Huyện;24;21.3897;106.099
217;"Lạng Giang";Huyện;24;21.3661;106.256
218;"Lục Nam";Huyện;24;21.3044;106.49
219;"Lục Ngạn";Huyện;24;21.4375;106.652
220;"Sơn Động";Huyện;24;21.3283;106.853
221;"Yên Dũng";Huyện;24;21.2061;106.237
222;"Việt Yên";Huyện;24;21.2711;106.083
223;"Hiệp Hòa";Huyện;24;21.2642;105.958
227;"Việt Trì";"Thành Phố";25;21.3169;105.393
228;"Phú Thọ";"Thị Xã";25;21.415;105.229
230;"Đoan Hùng";Huyện;25;21.6156;105.145
231;"Hạ Hoà";Huyện;25;21.5869;105.006
232;"Thanh Ba";Huyện;25;21.4511;105.153
233;"Phù Ninh";Huyện;25;21.4497;105.304
234;"Yên Lập";Huyện;25;21.3725;105.024
235;"Cẩm Khê";Huyện;25;21.3844;105.09
236;"Tam Nông";Huyện;25;21.3067;105.25
237;"Lâm Thao";Huyện;25;21.3269;105.302
238;"Thanh Sơn";Huyện;25;21.1422;105.078
239;"Thanh Thuỷ";Huyện;25;21.1239;105.288
240;"Tân Sơn";Huyện;25;NULL;NULL
243;"Vĩnh Yên";"Thành Phố";26;21.3072;105.592
244;"Phúc Yên";"Thị Xã";26;21.3153;105.732
246;"Lập Thạch";Huyện;26;21.4125;105.427
247;"Tam Dương";Huyện;26;21.3611;105.56
248;"Tam Đảo";Huyện;26;21.4594;105.586
249;"Bình Xuyên";Huyện;26;21.33;105.662
250;"Mê Linh";Huyện;01;21.1814;105.701
251;"Yên Lạc";Huyện;26;21.2214;105.579
252;"Vĩnh Tường";Huyện;26;21.2494;105.494
253;"Sông Lô";Huyện;26;NULL;NULL
256;"Bắc Ninh";"Thành Phố";27;21.18;106.066
258;"Yên Phong";Huyện;27;21.2111;105.993
259;"Quế Võ";Huyện;27;21.1456;106.185
260;"Tiên Du";Huyện;27;21.1269;106.039
261;"Từ Sơn";"Thị Xã";27;21.12;105.957
262;"Thuận Thành";Huyện;27;21.04;106.069
263;"Gia Bình";Huyện;27;21.0653;106.215
264;"Lương Tài";Huyện;27;21.0258;106.224
268;"Hà Đông";Quận;01;20.9569;105.756
269;"Sơn Tây";"Thị Xã";01;21.0975;105.474
271;"Ba Vì";Huyện;01;21.1611;105.379
272;"Phúc Thọ";Huyện;01;21.1089;105.581
273;"Đan Phượng";Huyện;01;21.1203;105.68
274;"Hoài Đức";Huyện;01;21.0236;105.701
275;"Quốc Oai";Huyện;01;20.9792;105.612
276;"Thạch Thất";Huyện;01;21.0381;105.551
277;"Chương Mỹ";Huyện;01;20.8794;105.65
278;"Thanh Oai";Huyện;01;20.8622;105.772
279;"Thường Tín";Huyện;01;20.8331;105.372
280;"Phú Xuyên";Huyện;01;20.7269;105.895
281;"Ứng Hòa";Huyện;01;20.7114;105.799
282;"Mỹ Đức";Huyện;01;20.6981;105.725
288;"Hải Dương";"Thành Phố";30;20.9372;106.306
290;"Chí Linh";"Thị xã";30;21.1297;106.396
291;"Nam Sách";Huyện;30;21.0042;106.341
292;"Kinh Môn";Huyện;30;21.0011;106.506
293;"Kim Thành";Huyện;30;20.9278;106.509
294;"Thanh Hà";Huyện;30;20.8886;106.429
295;"Cẩm Giàng";Huyện;30;20.9514;106.208
296;"Bình Giang";Huyện;30;20.8767;106.19
297;"Gia Lộc";Huyện;30;20.8503;106.293
298;"Tứ Kỳ";Huyện;30;20.8181;106.401
299;"Ninh Giang";Huyện;30;20.7536;106.336
300;"Thanh Miện";Huyện;30;20.7672;106.207
303;"Hồng Bàng";Quận;31;20.8769;106.642
304;"Ngô Quyền";Quận;31;20.8536;106.699
305;"Lê Chân";Quận;31;20.8367;106.675
306;"Hải An";Quận;31;20.8272;106.766
307;"Kiến An";Quận;31;20.8072;106.634
308;"Đồ Sơn";Quận;31;20.7114;106.748
309;"Kinh Dương";Quận;31;NULL;NULL
311;"Thuỷ Nguyên";Huyện;31;20.9433;106.661
312;"An Dương";Huyện;31;20.885;106.593
313;"An Lão";Huyện;31;20.7983;106.555
314;"Kiến Thụy";Huyện;31;20.7536;106.696
315;"Tiên Lãng";Huyện;31;20.7064;106.601
316;"Vĩnh Bảo";Huyện;31;20.6822;106.499
317;"Cát Hải";Huyện;31;20.7858;106.969
318;"Bạch Long Vĩ";Huyện;31;20.1447;107.714
323;"Hưng Yên";"Thành Phố";33;20.6606;106.052
325;"Văn Lâm";Huyện;33;20.9753;106.048
326;"Văn Giang";Huyện;33;20.9308;105.954
327;"Yên Mỹ";Huyện;33;20.8958;106.022
328;"Mỹ Hào";Huyện;33;20.9264;106.093
329;"Ân Thi";Huyện;33;20.8136;106.092
330;"Khoái Châu";Huyện;33;20.8314;105.974
331;"Kim Động";Huyện;33;20.7464;106.03
332;"Tiên Lữ";Huyện;33;20.6681;106.133
333;"Phù Cừ";Huyện;33;20.7142;106.192
336;"Thái Bình";"Thành Phố";34;20.4458;106.332
338;"Quỳnh Phụ";Huyện;34;20.6492;106.354
339;"Hưng Hà";Huyện;34;20.5939;106.212
340;"Đông Hưng";Huyện;34;20.5472;106.338
341;"Thái Thụy";Huyện;34;20.5425;106.542
342;"Tiền Hải";Huyện;34;20.3514;106.546
343;"Kiến Xương";Huyện;34;20.3978;106.423
344;"Vũ Thư";Huyện;34;20.4247;106.279
347;"Phủ Lý";"Thành Phố";35;20.5386;105.915
349;"Duy Tiên";Huyện;35;20.6258;105.967
350;"Kim Bảng";Huyện;35;20.5719;105.845
351;"Thanh Liêm";Huyện;35;20.4586;105.919
352;"Bình Lục";Huyện;35;20.4897;106.048
353;"Lý Nhân";Huyện;35;20.5486;106.08
356;"Nam Định";"Thành Phố";36;20.4186;106.165
358;"Mỹ Lộc";Huyện;36;20.4558;106.132
359;"Vụ Bản";Huyện;36;20.3825;106.093
360;"Ý Yên";Huyện;36;20.33;106.032
361;"Nghĩa Hưng";Huyện;36;20.0936;106.15
362;"Nam Trực";Huyện;36;20.3356;106.215
363;"Trực Ninh";Huyện;36;20.245;106.213
364;"Xuân Trường";Huyện;36;20.2981;106.362
365;"Giao Thủy";Huyện;36;20.2458;106.478
366;"Hải Hậu";Huyện;36;20.1072;106.275
369;"Ninh Bình";"Thành Phố";37;20.2458;105.973
370;"Tam Điệp";"Thành Phố";37;20.1617;103.879
372;"Nho Quan";Huyện;37;20.3128;105.713
373;"Gia Viễn";Huyện;37;20.3306;105.872
374;"Hoa Lư";Huyện;37;20.2511;105.931
375;"Yên Khánh";Huyện;37;20.1906;106.076
376;"Kim Sơn";Huyện;37;20.0353;106.091
377;"Yên Mô";Huyện;37;20.1292;105.996
380;"Thanh Hóa";"Thành Phố";38;19.8072;105.794
381;"Bỉm Sơn";"Thị Xã";38;20.0892;105.863
382;"Sầm Sơn";"Thị Xã";38;19.7531;105.901
384;"Mường Lát";Huyện;38;20.5117;104.624
385;"Quan Hóa";Huyện;38;20.4875;104.943
386;"Bá Thước";Huyện;38;20.38;105.247
387;"Quan Sơn";Huyện;38;20.2547;104.866
388;"Lang Chánh";Huyện;38;20.1494;105.128
389;"Ngọc Lặc";Huyện;38;20.0689;105.378
390;"Cẩm Thủy";Huyện;38;20.2056;105.456
391;"Thạch Thành";Huyện;38;21.2114;105.611
392;"Hà Trung";Huyện;38;20.0556;105.856
393;"Vĩnh Lộc";Huyện;38;20.0414;105.658
394;"Yên Định";Huyện;38;20.0086;105.629
395;"Thọ Xuân";Huyện;38;19.9275;105.487
396;"Thường Xuân";Huyện;38;19.9153;105.179
397;"Triệu Sơn";Huyện;38;19.8031;105.567
398;"Thiệu Hoá";Huyện;38;19.8989;105.683
399;"Hoằng Hóa";Huyện;38;19.8664;105.859
400;"Hậu Lộc";Huyện;38;19.9339;105.889
401;"Nga Sơn";Huyện;38;20.0044;105.991
402;"Như Xuân";Huyện;38;19.0986;105.339
403;"Như Thanh";Huyện;38;19.5886;105.552
404;"Nông Cống";Huyện;38;19.6161;105.682
405;"Đông Sơn";Huyện;38;19.7956;105.705
406;"Quảng Xương";Huyện;38;19.6814;105.8
407;"Tĩnh Gia";Huyện;38;19.4536;105.727
412;Vinh;"Thành Phố";40;18.685;105.701
413;"Cửa Lò";"Thị Xã";40;18.7906;105.725
414;"Thái Hoà";"Thị Xã";40;NULL;NULL
415;"Quế Phong";Huyện;40;19.7069;104.906
416;"Quỳ Châu";Huyện;40;19.5378;105.055
417;"Kỳ Sơn";Huyện;40;19.41;104.162
418;"Tương Dương";Huyện;40;19.3208;104.595
419;"Nghĩa Đàn";Huyện;40;19.3553;105.442
420;"Quỳ Hợp";Huyện;40;19.3233;105.153
421;"Quỳnh Lưu";Huyện;40;19.2336;105.617
422;"Con Cuông";Huyện;40;19.0639;107.787
423;"Tân Kỳ";Huyện;40;19.1031;105.237
424;"Anh Sơn";Huyện;40;18.9678;105.075
425;"Diễn Châu";Huyện;40;19.0222;105.57
426;"Yên Thành";Huyện;40;19.0236;105.438
427;"Đô Lương";Huyện;40;18.9167;105.351
428;"Thanh Chương";Huyện;40;18.7364;105.216
429;"Nghi Lộc";Huyện;40;18.7947;105.525
430;"Nam Đàn";Huyện;40;18.6744;105.509
431;"Hưng Nguyên";Huyện;40;18.6869;105.628
432;"Hoàng Mai";"Thị Xã";40;19.2336;105.617
436;"Hà Tĩnh";"Thành Phố";42;18.3556;105.9
437;"Hồng Lĩnh";"Thị Xã";42;18.5347;105.711
439;"Hương Sơn";Huyện;42;18.4464;105.327
440;"Đức Thọ";Huyện;42;18.4897;105.611
441;"Vũ Quang";Huyện;42;18.325;105.444
442;"Nghi Xuân";Huyện;42;18.6461;105.771
443;"Can Lộc";Huyện;42;18.4442;105.77
444;"Hương Khê";Huyện;42;18.1933;105.69
445;"Thạch Hà";Huyện;42;18.3247;105.879
446;"Cẩm Xuyên";Huyện;42;18.1922;106.001
447;"Kỳ Anh";"Thị Xã";42;18.0875;106.264
448;"Lộc Hà";Huyện;42;NULL;NULL
449;"Kỳ Anh";Huyện;42;18.0875;106.264
450;"Đồng Hới";"Thành Phố";44;17.4481;106.588
452;"Minh Hóa";Huyện;44;17.7342;105.863
453;"Tuyên Hóa";Huyện;44;17.9011;105.971
454;"Quảng Trạch";Huyện;44;17.8344;106.373
455;"Bố Trạch";Huyện;44;17.4869;106.115
456;"Quảng Ninh";Huyện;44;17.2542;106.542
457;"Lệ Thủy";Huyện;44;17.1264;106.696
461;"Đông Hà";"Thành Phố";45;16.8033;107.087
462;"Quảng Trị";"Thị Xã";45;16.7436;107.189
464;"Vĩnh Linh";Huyện;45;17.0264;106.897
465;"Hướng Hóa";Huyện;45;16.7053;106.671
466;"Gio Linh";Huyện;45;16.9136;106.938
467;"Đa Krông";Huyện;45;16.5661;106.93
468;"Cam Lộ";Huyện;45;16.7858;106.964
469;"Triệu Phong";Huyện;45;16.7756;107.153
470;"Hải Lăng";Huyện;45;16.6853;107.226
471;"Cồn Cỏ";Huyện;45;19.1608;107.333
474;Huế;"Thành Phố";46;16.4544;107.575
476;"Phong Điền";Huyện;46;16.545;106.277
477;"Quảng Điền";Huyện;46;16.5892;107.492
478;"Phú Vang";Huyện;46;16.4556;107.708
479;"Hương Thủy";"Thị Xã";46;16.3242;107.624
480;"Hương Trà";"Thị Xã";46;16.4303;107.477
481;"A Lưới";Huyện;46;16.2331;107.27
482;"Phú Lộc";Huyện;46;16.2878;107.924
483;"Nam Đông";Huyện;46;16.1197;107.69
490;"Liên Chiểu";Quận;48;16.1239;108.118
491;"Thanh Khê";Quận;48;16.0578;108.183
492;"Hải Châu";Quận;48;16.0606;108.196
493;"Sơn Trà";Quận;48;16.1036;108.274
494;"Ngũ Hành Sơn";Quận;48;16.0083;108.253
495;"Cẩm Lệ";Quận;48;NULL;NULL
497;"Hoà Vang";Huyện;48;16.0664;108.033
498;"Hoàng Sa";Huyện;48;16.36;111.95
502;"Tam Kỳ";"Thành Phố";49;15.5769;108.498
503;"Hội An";"Thành Phố";49;15.8889;108.345
504;"Tây Giang";Huyện;49;15.8961;107.431
505;"Đông Giang";Huyện;49;15.9122;107.785
506;"Đại Lộc";Huyện;49;15.8361;107.974
507;"Điện Bàn";"Thị Xã";49;15.9042;108.227
508;"Duy Xuyên";Huyện;49;15.7994;108.224
509;"Quế Sơn";Huyện;49;15.6842;108.093
510;"Nam Giang";Huyện;49;15.6103;107.564
511;"Phước Sơn";Huyện;49;15.3881;107.839
512;"Hiệp Đức";Huyện;49;15.5192;108.099
513;"Thăng Bình";Huyện;49;15.7081;108.368
514;"Tiên Phước";Huyện;49;15.4917;108.258
515;"Bắc Trà My";Huyện;49;15.1333;108.092
516;"Nam Trà My";Huyện;49;15.2778;108.204
517;"Núi Thành";Huyện;49;15.4481;108.58
518;"Phú Ninh";Huyện;49;15.5119;108.412
519;"Nông Sơn";Huyện;49;NULL;NULL
522;"Quảng Ngãi";"Thành Phố";51;15.1214;108.807
524;"Bình Sơn";Huyện;51;15.3125;108.76
525;"Trà Bồng";Huyện;51;15.225;108.499
526;"Tây Trà";Huyện;51;15.1869;108.373
527;"Sơn Tịnh";Huyện;51;15.1969;108.751
528;"Tư Nghĩa";Huyện;51;15.0903;108.756
529;"Sơn Hà";Huyện;51;14.9764;108.486
530;"Sơn Tây";Huyện;51;14.9697;108.356
531;"Minh Long";Huyện;51;14.9469;108.672
532;"Nghĩa Hành";Huyện;51;14.9683;108.768
533;"Mộ Đức";Huyện;51;11.9869;108.872
534;"Đức Phổ";Huyện;51;14.7497;108.949
535;"Ba Tơ";Huyện;51;14.7144;108.729
536;"Lý Sơn";Huyện;51;15.3806;109.116
540;"Qui Nhơn";"Thành Phố";52;13.7875;109.213
542;"An Lão";Huyện;52;14.5361;108.798
543;"Hoài Nhơn";Huyện;52;14.5156;109.032
544;"Hoài Ân";Huyện;52;14.3475;108.901
545;"Phù Mỹ";Huyện;52;14.2447;109.095
546;"Vĩnh Thạnh";Huyện;52;14.2406;108.736
547;"Tây Sơn";Huyện;52;13.9464;108.885
548;"Phù Cát";Huyện;52;14.0633;109.066
549;"An Nhơn";"Thị Xã";52;13.8578;109.067
550;"Tuy Phước";Huyện;52;13.775;109.094
551;"Vân Canh";Huyện;52;13.6764;108.964
555;"Tuy Hòa";"Thành Phố";54;13.095;109.264
557;"Sông Cầu";"Thị Xã";54;13.5278;109.211
558;"Đồng Xuân";Huyện;54;13.4164;108.946
559;"Tuy An";Huyện;54;13.2553;109.206
560;"Sơn Hòa";Huyện;54;13.2044;108.955
561;"Sông Hinh";Huyện;54;12.9053;108.894
562;"Tây Hoà";Huyện;54;NULL;NULL
563;"Phú Hoà";Huyện;54;13.0686;109.19
564;"Đông Hoà";Huyện;54;NULL;NULL
568;"Nha Trang";"Thành Phố";56;12.2611;109.178
569;"Cam Ranh";"Thành Phố";56;11.9847;108.138
570;"Cam Lâm";Huyện;56;NULL;NULL
571;"Vạn Ninh";Huyện;56;12.7194;109.188
572;"Ninh Hòa";Huyện;56;12.5483;109.103
573;"Khánh Vĩnh";Huyện;56;12.2972;108.866
574;"Diên Khánh";Huyện;56;12.2219;109.038
575;"Khánh Sơn";Huyện;56;12.0381;108.896
576;"Trường Sa";Huyện;56;9.12417;114.25
582;"Phan Rang-Tháp Chàm";"Thành Phố";58;11.6031;108.976
584;"Bác Ái";Huyện;58;11.9125;108.858
585;"Ninh Sơn";Huyện;58;11.71;108.749
586;"Ninh Hải";Huyện;58;11.7128;109.095
587;"Ninh Phước";Huyện;58;11.4822;108.843
588;"Thuận Bắc";Huyện;58;NULL;NULL
589;"Thuận Nam";Huyện;58;NULL;NULL
593;"Phan Thiết";"Thành Phố";60;10.9044;108.062
594;"La Gi";"Thị Xã";60;NULL;NULL
595;"Tuy Phong";Huyện;60;11.3406;108.688
596;"Bắc Bình";Huyện;60;11.2644;108.359
597;"Hàm Thuận Bắc";Huyện;60;11.155;108.052
598;"Hàm Thuận Nam";Huyện;60;10.9389;107.911
599;"Tánh Linh";Huyện;60;11.1406;107.689
600;"Đức Linh";Huyện;60;11.1953;107.526
601;"Hàm Tân";Huyện;60;10.7447;107.692
602;"Phú Quí";Huyện;60;10.5536;108.963
608;"Kon Tum";"Thành Phố";62;14.3422;107.968
610;"Đắk Glei";Huyện;62;15.1369;107.734
611;"Ngọc Hồi";Huyện;62;14.7397;107.647
612;"Đắk Tô";Huyện;62;14.7803;107.927
613;"Kon Plông";Huyện;62;14.8036;108.335
614;"Kon Rẫy";Huyện;62;14.5489;108.219
615;"Đắk Hà";Huyện;62;14.6139;107.999
616;"Sa Thầy";Huyện;62;14.2672;107.608
617;"Tu Mơ Rông";Huyện;62;NULL;NULL
618;"Ia H’Drai";Huyện;62;NULL;NULL
622;Pleiku;"Thành Phố";64;13.9617;107.967
623;"An Khê";"Thị Xã";64;14.0233;108.691
624;"Ayun Pa";"Thị Xã";64;NULL;NULL
625;Kbang;Huyện;64;14.3022;108.488
626;"Đăk Đoa";Huyện;64;14.1172;108.16
627;"Chư Păh";Huyện;64;14.225;107.942
628;"Ia Grai";Huyện;64;13.9903;107.721
629;"Mang Yang";Huyện;64;13.9572;108.31
630;"Kông Chro";Huyện;64;13.7631;108.601
631;"Đức Cơ";Huyện;64;13.7711;107.641
632;"Chư Prông";Huyện;64;13.5942;107.793
633;"Chư Sê";Huyện;64;13.6178;108.116
634;"Đăk Pơ";Huyện;64;13.9297;108.604
635;"Ia Pa";Huyện;64;13.5269;108.509
637;"Krông Pa";Huyện;64;13.2369;108.653
638;"Phú Thiện";Huyện;64;NULL;NULL
639;"Chư Pưh";Huyện;64;NULL;NULL
643;"Buôn Ma Thuột";"Thành Phố";66;12.6619;108.178
644;"Buôn Hồ";"Thị Xã";66;NULL;NULL
645;"Ea H'leo";Huyện;66;13.2311;108.208
646;"Ea Súp";Huyện;66;13.1831;107.78
647;"Buôn Đôn";Huyện;66;12.8792;107.756
648;"Cư M'gar";Huyện;66;12.8964;108.071
649;"Krông Búk";Huyện;66;12.9408;108.232
650;"Krông Năng";Huyện;66;12.9947;108.395
651;"Ea Kar";Huyện;66;12.8047;108.545
652;M'đrắk;Huyện;66;12.7039;108.786
653;"Krông Bông";Huyện;66;12.4522;108.45
654;"Krông Pắc";Huyện;66;12.6889;108.312
655;"Krông A Na";Huyện;66;12.5308;108.084
656;Lắk;Huyện;66;12.3222;108.205
657;"Cư Kuin";Huyện;66;NULL;NULL
660;"Gia Nghĩa";"Thị Xã";67;NULL;NULL
661;"Đắk Glong";Huyện;67;12.0314;107.844
662;"Cư Jút";Huyện;67;12.6822;107.746
663;"Đắk Mil";Huyện;67;12.5189;107.707
664;"Krông Nô";Huyện;67;12.3711;107.897
665;"Đắk Song";Huyện;67;12.2344;107.608
666;"Đắk R'lấp";Huyện;67;12.0417;107.433
667;"Tuy Đức";Huyện;67;NULL;NULL
672;"Đà Lạt";"Thành Phố";68;11.9092;108.452
673;"Bảo Lộc";"Thành Phố";68;11.5467;107.794
674;"Đam Rông";Huyện;68;12.0431;108.174
675;"Lạc Dương";Huyện;68;12.1417;108.463
676;"Lâm Hà";Huyện;68;11.9239;108.192
677;"Đơn Dương";Huyện;68;11.8072;108.547
678;"Đức Trọng";Huyện;68;11.6972;108.316
679;"Di Linh";Huyện;68;11.5194;108.09
680;"Bảo Lâm";Huyện;68;11.6419;107.724
681;"Đạ Huoai";Huyện;68;11.4531;107.636
682;"Đạ Tẻh";Huyện;68;11.5628;107.533
683;"Cát Tiên";Huyện;68;11.6606;107.391
688;"Phước Long";"Thị Xã";70;NULL;NULL
689;"Đồng Xoài";"Thị Xã";70;11.5169;106.839
690;"Bình Long";"Thị Xã";70;NULL;NULL
691;"Bù Gia Mập";Huyện;70;11.9492;106.989
692;"Lộc Ninh";Huyện;70;11.8244;106.586
693;"Bù Đốp";Huyện;70;11.9856;106.832
694;"Hớn Quản";Huyện;70;11.6269;106.601
695;"Đồng Phù";Huyện;70;11.4792;106.952
696;"Bù Đăng";Huyện;70;11.7692;107.237
697;"Chơn Thành";Huyện;70;11.4792;106.657
698;"Phú Riềng";Huyện;70;11.4792;106.657
703;"Tây Ninh";"Thị Xã";72;11.3664;106.13
705;"Tân Biên";Huyện;72;11.5872;105.965
706;"Tân Châu";Huyện;72;11.5803;106.297
707;"Dương Minh Châu";Huyện;72;11.3678;106.283
708;"Châu Thành";Huyện;72;11.3172;106.004
709;"Hòa Thành";Huyện;72;11.2586;106.146
710;"Gò Dầu";Huyện;72;11.1608;106.245
711;"Bến Cầu";Huyện;72;11.1306;106.14
712;"Trảng Bàng";Huyện;72;11.105;106.387
718;"Thủ Dầu Một";"Thị Xã";74;11.0003;106.649
720;"Dầu Tiếng";Huyện;74;11.3186;106.45
721;"Bến Cát";Huyện;74;11.2117;106.608
722;"Phú Giáo";Huyện;74;11.3392;106.797
723;"Tân Uyên";Huyện;74;11.1086;106.817
724;"Dĩ An";"Thị Xã";74;10.9175;106.786
725;"Thuận An";"Thị Xã";74;10.9328;106.7
731;"Biên Hòa";"Thành Phố";75;10.9419;106.847
732;"Long Khánh";"Thị Xã";75;10.94;107.241
734;"Tân Phú";Huyện;75;11.3808;107.36
735;"Vĩnh Cửu";Huyện;75;11.2419;107.002
736;"Định Quán";Huyện;75;11.2114;107.284
737;"Trảng Bom";Huyện;75;10.9775;107.014
738;"Thống Nhất";Huyện;75;10.9747;107.157
739;"Cẩm Mỹ";Huyện;75;10.7847;107.243
740;"Long Thành";Huyện;75;10.7939;106.995
741;"Xuân Lộc";Huyện;75;10.9275;107.406
742;"Nhơn Trạch";Huyện;75;10.655;106.888
747;"Vũng Tầu";"Thành Phố";77;10.4022;107.118
748;"Bà Rịa";"Thị Xã";77;10.5092;107.18
750;"Châu Đức";Huyện;77;10.6564;107.252
751;"Xuyên Mộc";Huyện;77;10.6294;107.494
752;"Long Điền";Huyện;77;10.4464;107.215
753;"Đất Đỏ";Huyện;77;10.4778;107.308
754;"Tân Thành";Huyện;77;10.5806;107.085
755;"Côn Đảo";Huyện;77;8.70694;106.601
760;1;Quận;79;10.7761;106.696
761;12;Quận;79;10.8619;106.659
762;"Thủ Đức";Quận;79;10.8556;106.751
763;9;Quận;79;10.8303;106.817
764;"Gò Vấp";Quận;79;10.8367;106.664
765;"Bình Thạnh";Quận;79;10.8128;106.716
766;"Tân Bình";Quận;79;10.8036;106.651
767;"Tân Phú";Quận;79;10.7922;106.625
768;"Phú Nhuận";Quận;79;10.8017;106.677
769;2;Quận;79;10.7808;106.757
770;3;Quận;79;10.78;106.679
771;10;Quận;79;10.7736;106.667
772;11;Quận;79;10.7669;106.646
773;4;Quận;79;10.7617;106.702
774;5;Quận;79;10.7567;106.667
775;6;Quận;79;10.7461;106.636
776;8;Quận;79;10.7233;106.628
777;"Bình Tân";Quận;79;10.7711;106.591
778;7;Quận;79;10.7386;106.726
783;"Củ Chi";Huyện;79;11.0381;106.506
784;"Hóc Môn";Huyện;79;10.8783;106.592
785;"Bình Chánh";Huyện;79;10.7503;106.512
786;"Nhà Bè";Huyện;79;10.6517;106.726
787;"Cần Giờ";Huyện;79;10.5119;106.881
794;"Tân An";"Thành Phố";80;10.5267;106.402
795;"Kiến Tường";"Thị Xã";80;10.5267;106.402
796;"Tân Hưng";Huyện;80;10.8181;105.657
797;"Vĩnh Hưng";Huyện;80;10.8817;105.766
798;"Mộc Hóa";Huyện;80;10.7858;105.966
799;"Tân Thạnh";Huyện;80;10.6289;105.952
800;"Thạnh Hóa";Huyện;80;10.6936;106.186
801;"Đức Huệ";Huyện;80;10.8658;106.263
802;"Đức Hòa";Huyện;80;10.8844;106.399
803;"Bến Lức";Huyện;80;10.6944;106.441
804;"Thủ Thừa";Huyện;80;10.6614;106.337
805;"Tân Trụ";Huyện;80;10.5297;106.502
806;"Cần Đước";Huyện;80;10.5392;106.609
807;"Cần Giuộc";Huyện;80;10.5786;106.643
808;"Châu Thành";Huyện;80;10.4644;106.5
815;"Mỹ Tho";"Thành Phố";82;10.3706;106.364
816;"Gò Công";"Thị Xã";82;10.3653;106.673
818;"Tân Phước";Huyện;82;10.51;106.217
819;"Cái Bè";Huyện;82;10.4058;105.934
820;"Cai Lậy";Huyện;82;10.4056;106.101
821;"Châu Thành";Huyện;82;20.4225;106.283
822;"Chợ Gạo";Huyện;82;10.3958;106.448
823;"Gò Công Tây";Huyện;82;10.3319;106.584
824;"Gò Công Đông";Huyện;82;10.345;106.715
825;"Tân Phú Đông";Huyện;82;NULL;NULL
829;"Bến Tre";"Thành Phố";83;10.2381;106.374
831;"Châu Thành";Huyện;83;10.29;106.296
832;"Chợ Lách";Huyện;83;10.2239;106.152
833;"Mỏ Cày Nam";Huyện;83;10.1156;106.328
834;"Giồng Trôm";Huyện;83;10.1461;106.47
835;"Bình Đại";Huyện;83;10.1656;106.629
836;"Ba Tri";Huyện;83;10.0689;106.586
837;"Thạnh Phú";Huyện;83;9.93139;106.546
838;"Mỏ Cày Bắc";Huyện;83;NULL;NULL
842;"Trà Vinh";"Thành Phố";84;9.9525;106.344
844;"Càng Long";Huyện;84;9.97167;106.214
845;"Cầu Kè";Huyện;84;9.85639;106.059
846;"Tiểu Cần";Huyện;84;9.81028;106.202
847;"Châu Thành";Huyện;84;9.8825;106.403
848;"Cầu Ngang";Huyện;84;9.78722;106.489
849;"Trà Cú";Huyện;84;9.70167;106.273
850;"Duyên Hải";"Thị Xã";84;9.66611;106.44
851;"Duyên Hải";Huyện;84;9.66611;106.44
855;"Vĩnh Long";"Thành Phố";86;10.2525;105.936
857;"Long Hồ";Huyện;86;10.2328;105.93
858;"Mang Thít";Huyện;86;10.1828;106.087
859;"Vũng Liêm";Huyện;86;10.0589;106.176
860;"Tam Bình";Huyện;86;10.0661;105.967
861;"Bình Minh";Huyện;86;10.0958;105.789
862;"Trà Ôn";Huyện;86;9.98889;105.966
863;"Bình Tân";Huyện;86;NULL;NULL
866;"Cao Lãnh";"Thành Phố";87;10.4606;105.622
867;"Sa Đéc";"Thị Xã";87;10.3228;105.742
868;"Hồng Ngự";"Thị Xã";87;NULL;NULL
869;"Tân Hồng";Huyện;87;10.88;105.489
870;"Hồng Ngự";Huyện;87;10.8036;105.317
871;"Tam Nông";Huyện;87;10.735;105.516
872;"Tháp Mười";Huyện;87;10.56;105.787
873;"Cao Lãnh";Huyện;87;10.4842;105.694
874;"Thanh Bình";Huyện;87;10.6106;105.481
875;"Lấp Vò";Huyện;87;10.3575;105.602
876;"Lai Vung";Huyện;87;10.2453;105.644
877;"Châu Thành";Huyện;87;10.2242;105.811
883;"Long Xuyên";"Thành Phố";89;10.3728;105.426
884;"Châu Đốc";"Thị Xã";89;10.6889;105.088
886;"An Phú";Huyện;89;10.8367;105.092
887;"Tân Châu";"Thị Xã";89;10.8197;105.188
888;"Phú Tân";Huyện;89;10.6739;105.244
889;"Châu Phú";Huyện;89;10.57;105.204
890;"Tịnh Biên";Huyện;89;10.5583;105.005
891;"Tri Tôn";Huyện;89;10.4114;104.949
892;"Châu Thành";Huyện;89;10.4275;105.259
893;"Chợ Mới";Huyện;89;10.4564;105.449
894;"Thoại Sơn";Huyện;89;10.2792;105.266
899;"Rạch Giá";"Thành Phố";91;10.0264;105.106
900;"Hà Tiên";"Thị Xã";91;10.3817;104.503
902;"Kiên Lương";Huyện;91;10.3392;104.663
903;"Hòn Đất";Huyện;91;10.2389;104.933
904;"Tân Hiệp";Huyện;91;10.0883;105.234
905;"Châu Thành";Huyện;91;9.96028;105.171
906;"Giồng Giềng";Huyện;91;9.93472;105.368
907;"Gò Quao";Huyện;91;9.72139;105.285
908;"An Biên";Huyện;91;9.81028;105.055
909;"An Minh";Huyện;91;9.67333;104.985
910;"Vĩnh Thuận";Huyện;91;9.55694;105.192
911;"Phú Quốc";Huyện;91;10.2289;103.957
912;"Kiên Hải";Huyện;91;9.80861;104.63
913;"U Minh Thượng";Huyện;91;NULL;NULL
914;"Giang Thành";Huyện;91;NULL;NULL
916;"Ninh Kiều";Quận;92;10.0328;105.759
917;"Ô Môn";Quận;92;10.1244;105.631
918;"Bình Thuỷ";Quận;92;10.0617;105.721
919;"Cái Răng";Quận;92;9.99917;105.782
923;"Thốt Nốt";Quận;92;10.2397;105.534
924;"Vĩnh Thạnh";Huyện;92;10.1931;105.379
925;"Cờ Đỏ";Huyện;92;10.0467;105.496
926;"Phong Điền";Huyện;92;9.99917;105.66
927;"Thới Lai";Huyện;92;NULL;NULL
930;"Vị Thanh";"Thành Phố";93;9.75417;105.414
931;"Ngã Bảy";"Thị Xã";93;NULL;NULL
932;"Châu Thành A";Huyện;93;9.93056;105.642
933;"Châu Thành";Huyện;93;9.92278;105.81
934;"Phụng Hiệp";Huyện;93;9.78889;105.725
935;"Vị Thuỷ";Huyện;93;9.80139;105.537
936;"Long Mỹ";"Thị Xã";93;9.67972;105.515
937;"Long Mỹ";Huyện;93;9.67972;105.515
941;"Sóc Trăng";"Thành Phố";94;9.61083;105.983
942;"Châu Thành";Huyện;94;NULL;NULL
943;"Kế Sách";Huyện;94;9.825;105.957
944;"Mỹ Tú";Huyện;94;9.63917;105.831
945;"Cù Lao Dung";Huyện;94;9.62667;106.204
946;"Long Phú";Huyện;94;9.57722;106.102
947;"Mỹ Xuyên";Huyện;94;9.47111;105.931
948;"Ngã Năm";Huyện;94;9.52722;105.623
949;"Thạnh Trị";Huyện;94;9.46806;105.717
950;"Vĩnh Châu";"Thị Xã";94;9.34722;105.999
951;"Trần Đề";Huyện;94;NULL;NULL
954;"Bạc Liêu";"Thành Phố";95;9.26806;105.752
956;"Hồng Dân";Huyện;95;9.51028;105.407
957;"Phước Long";Huyện;95;9.38694;105.411
958;"Vĩnh Lợi";Huyện;95;9.28083;105.682
959;"Giá Rai";"Thị Xã";95;9.26417;105.388
960;"Đông Hải";Huyện;95;9.13639;105.412
961;"Hoà Bình";Huyện;95;NULL;NULL
964;"Cà Mau";"Thành Phố";96;9.17583;105.186
966;"U Minh";Huyện;96;9.375;104.95
967;"Thới Bình";Huyện;96;9.38056;105.126
968;"Trần Văn Thời";Huyện;96;9.12667;104.957
969;"Cái Nước";Huyện;96;9.00861;105.056
970;"Đầm Dơi";Huyện;96;8.96333;105.232
971;"Năm Căn";Huyện;96;8.78306;104.972
972;"Phú Tân";Huyện;96;8.87972;104.893
973;"Ngọc Hiển";Huyện;96;8.67972;104.966
021;"Bắc Từ Liêm";Quận;01;NULL;NULL
